#SampleID,Site,Location,Flower
48-28,ZUM NP5,ZUM,Lupinus sericeus
49-29,ZUM NP5,ZUM,Frasera albicaulis
588-499,RDO 8,RDO,Centaurea diffusa
589-500,RDO 8,RDO,Machaeranthera canescens
Plate-1-Blank,Plate-Blank,Plate-Blank,Plate-Blank
BP1-1,Star 3 DE,Star,Monardella odoratissima
BP1-2,Star 3 DE,Star,Monardella odoratissima
BP1-3,Star 3 DE,Star,Monardella odoratissima
BP2-1,Star 3 None,Star,Sidalcea oregana
BP2-2,Star 3 None,Star,Sidalcea oregana
BP2-3,Star 3 None,Star,Sidalcea oregana
BP3-1,Star 3 DE,Star,Hypericum perforatum
BP3-2,Star 3 DE,Star,Hypericum perforatum
BP3-3,Star 3 DE,Star,Hypericum perforatum
BP4-1,Star 3 DE,Star,Hypericum perforatum
BP4-2,Star 3 DE,Star,Hypericum perforatum
BP4-3,Star 3 DE,Star,Hypericum perforatum
BP5-1,Star 3 DE,Star,Monardella odoratissima
BP5-2,Star 3 DE,Star,Monardella odoratissima
BP5-3,Star 3 DE,Star,Monardella odoratissima
BP6-1,Star 2 DE,Star,Solidago missouriensis
BP6-2,Star 2 DE,Star,Solidago missouriensis
BP6-3,Star 2 DE,Star,Solidago missouriensis
BP7-1,Star 3 LS,Star,Solidago missouriensis
BP7-2,Star 3 LS,Star,Solidago missouriensis
BP7-3,Star 3 LS,Star,Solidago missouriensis
BP_8-1,Star 2 LS,Star,Dianthus armeria
BP_8-2,Star 2 LS,Star,Dianthus armeria
BP_8-3,Star 2 LS,Star,Dianthus armeria
BP_9-1,Star 3 DE,Star,Monardella odoratissima
BP_9-2,Star 3 DE,Star,Monardella odoratissima
BP_9-3,Star 3 DE,Star,Monardella odoratissima
BP_10-1,Star 5 LS,Star,Ragwort
BP_10-2,Star 5 LS,Star,Ragwort
BP_10-3,Star 5 LS,Star,Ragwort
BP_11-1,Star 2 None,Star,Symphiotrichum spathalatum
BP_11-2,Star 2 None,Star,Symphiotrichum spathalatum
BP_11-3,Star 2 None,Star,Symphiotrichum spathalatum
BP_12-1,Star 5 None,Star,Symphiotrichum spathalatum
BP_12-2,Star 5 None,Star,Symphiotrichum spathalatum
BP_12-3,Star 5 None,Star,Symphiotrichum spathalatum
BP_13-1,Star 5 None,Star,Hypericum perforatum
BP_13-2,Star 5 None,Star,Hypericum perforatum
BP_13-3,Star 5 None,Star,Hypericum perforatum
TM_1,TM,TM,Thermopsis montana
TM_2,TM,TM,Thermopsis montana
TM_3,TM,TM,Thermopsis montana
SO_1,SO,SO,Sidalcea oregana
SO_2,SO,SO,Sidalcea oregana
SO_3,SO,SO,Sidalcea oregana
CV_1,OA,OA,Onopordum acanthium
CV_2,OA,OA,Onopordum acanthium
CV_3,OA,OA,Onopordum acanthium
VC_3,VV,VV,Vicia villosa
VC_1,VV,VV,Vicia villosa
VC_2,VV,VV,Vicia villosa
PG_1,PG,PG,Potentilla gracilis
PG_2,PG,PG,Potentilla gracilis
PG_3,PG,PG,Potentilla gracilis
MIX_1-1,MIX1,Mix,Mixture
MIX_1-2,MIX1,Mix,Mixture
MIX_1-3,MIX1,Mix,Mixture
MIX_2-1,MIX2,Mix,Mixture
MIX_2-2,MIX2,Mix,Mixture
MIX_2-3,MIX2,Mix,Mixture
MIX_3-1,MIX3,Mix,Mixture
MIX_3-2,MIX3,Mix,Mixture
MIX_3-3,MIX3,Mix,Mixture
MIX_4-1,MIX4,Mix,Mixture
MIX_4-2,MIX4,Mix,Mixture
MIX_4-3,MIX4,Mix,Mixture
MIX_5-1,Mix5,Mix,Mixture
MIX_5-2,Mix5,Mix,Mixture
MIX_5-3,Mix5,Mix,Mixture
5-5,ZUM 2 CNTL,ZUM,Castilleja lutescens
6-6,ZUM 2 CNTL,ZUM,Frasera albicaulis
7-11-7,ZUM 2 CNTL,ZUM,Frasera albicaulis
12-8,ZUM 2 GRAZ,ZUM,Frasera albicaulis
13-9,ZUM 2 GRAZ,ZUM,Lupinus sericeus
14-18-10,ZUM 2 GRAZ,ZUM,Frasera albicaulis
19-11,ZUM 3 GRAZ,ZUM,Toxicoscordion venenosum
20-12,ZUM 3 GRAZ,ZUM,Geranium viscosissimum
21-25-13,ZUM 3 GRAZ,ZUM,Lupinus caudatus
26-14,ZUM 3 CNTL,ZUM,Lupinus spp.
27-15,ZUM 3 CNTL,ZUM,Potentilla gracilis
28-36-16,ZUM 3 CNTL,ZUM,Potentilla gracilis
38-18,ZUM NP5,ZUM,Frasera albicaulis
39-19,ZUM NP5,ZUM,Frasera albicaulis
40-20,ZUM NP5,ZUM,Delphinium nuttallianum
41-21,ZUM NP5,ZUM,Lupinus spp.
42-22,ZUM NP5,ZUM,Lupinus spp.
43-23,ZUM NP5,ZUM,Frasera albicaulis
44-24,ZUM NP5,ZUM,Frasera albicaulis
45-25,ZUM NP5,ZUM,Delphinium nuttallianum
46-26,ZUM NP5,ZUM,Frasera albicaulis
47-27,ZUM NP5,ZUM,Lupinus caudatus
Blank_I,Blank,Blank,Blank
PCR_Neg_2,PCR_Neg,PCR_Neg,PCR_Neg
Plate-2-Blank,Plate-Blank,Plate-Blank,Plate-Blank
50-30,ZUM NP5,ZUM,Frasera albicaulis
51-31,ZUM NP3,ZUM,Lupinus sericeus
52-32,ZUM NP3,ZUM,Lupinus sericeus
53-33,ZUM NP3,ZUM,Potentilla gracilis
54-55-34,ZUM NP3,ZUM,Potentilla gracilis
56-57-35,ZUM NP3,ZUM,Potentilla gracilis
58-59-36,ZUM NP3,ZUM,Potentilla gracilis
61-38,ZUM NP3,ZUM,Potentilla gracilis
62-39,ZUM NP3,ZUM,Potentilla gracilis
63-40,ZUM NP3,ZUM,Potentilla gracilis
64-41,ZUM NP4,ZUM,Lupinus sericeus
65-42,ZUM NP4,ZUM,Frasera albicaulis
66-68-43,ZUM NP4,ZUM,Potentilla gracilis
69-44,ZUM NP4,ZUM,Potentilla gracilis
70-45,ZUM NP4,ZUM,Potentilla gracilis
71-46,ZUM NP4,ZUM,Lupinus caudatus
73-48,ZUM NP4,ZUM,Frasera albicaulis
74-49,ZUM NP4,ZUM,Arnica sororia
75-50,Star 3 LS,Star,Eriogonum heracleoides
76-51,Star 3 LS,Star,Potentilla arguta
78-53,Star 3 LS,Star,Potentilla gracilis
79-54,Star 5 All,Star,Lupinus spp.
80-55,Star 5 All,Star,Thermopsis montana
81-56,Star 5 All,Star,Polemonium occidentale
82-57,Star 5 All,Star,Potentilla gracilis
83-58,Star 5 All,Star,Thermopsis montana
84-59,Star 5 All,Star,Lupinus sericeus
85-60,Star 5 All,Star,Thermopsis montana
87-62,Star 5 All,Star,Potentilla gracilis
88-63,Star 5 All,Star,Thermopsis montana
89-64,Star 5 All,Star,Potentilla gracilis
90-65,Star 2 DE,Star,Potentilla arguta
92-67,Star 2 DE,Star,Potentilla arguta
93-94-68,Star 2 DE,Star,Potentilla gracilis
95-69,Star 2 DE,Star,Potentilla gracilis
96-70,Star 2 DE,Star,Vicia villosa
98-72,Star 2 DE,Star,Potentilla gracilis
99-73,Star 2 All,Star,Potentilla gracilis
100-74,Star 2 All,Star,Potentilla gracilis
101-75,Star 2 All,Star,Penstemon procerus
102-76,Star 2 All,Star,Potentilla gracilis
103-77,Star 2 All,Star,Potentilla gracilis
105-79,Star 5 All,Star,Thermopsis montana
106-80,Star 5 LS,Star,Potentilla gracilis
107-81,Star 5 LS,Star,Potentilla gracilis
108-82,Star 5 LS,Star,Potentilla gracilis
109-83,Star 5 LS,Star,Penstemon procerus
110-84,Star 5 LS,Star,Penstemon procerus
111-85,Star 5 LS,Star,Potentilla gracilis
112-86,Star 5 LS,Star,Potentilla gracilis
113-87,Star 5 LS,Star,Collomia linearis
114-88,Star 5 LS,Star,Picea engelmannii
115-89,Star 3 DE,Star,Tragopogon dubius
116-90,Star 3 DE,Star,Potentilla gracilis
117-91,Star 3 DE,Star,Potentilla gracilis
119-93,Star 3 DE,Star,Potentilla arguta
120-94,Star 3 DE,Star,Potentilla gracilis
121-95,Star 3 DE,Star,Potentilla arguta
122-96,Star 3 DE,Star,Thermopsis montana
123-97,Star 2 LS,Star,Potentilla arguta
124-98,Star 2 LS,Star,Potentilla gracilis
125-99,Star 2 LS,Star,Potentilla arguta
126-100,Star 2 LS,Star,Potentilla gracilis
127-101,Star 2 LS,Star,Potentilla gracilis
128-102,Star 2 LS,Star,Potentilla gracilis
129-103,Star 2 LS,Star,Triteleia grandiflora
130-104,Star 2 None,Star,Potentilla gracilis
131-105,Star 2 None,Star,Potentilla gracilis
132-106,Star 2 None,Star,Potentilla gracilis
133-107,Star 2 None,Star,Potentilla gracilis
134-108,Star 2 None,Star,Potentilla gracilis
135-109,Star 2 None,Star,Potentilla gracilis
136-110,Star 2 None,Star,Potentilla gracilis
137-111,Star 5 None,Star,Penstemon procerus
138-112,Star 5 None,Star,Potentilla gracilis
139-113,Star 5 None,Star,Penstemon procerus
140-114,Star 5 None,Star,Penstemon procerus
141-115,Star 5 None,Star,Potentilla gracilis
142-116,Star 5 None,Star,Penstemon procerus
143-117,Star 5 None,Star,Penstemon procerus
144-118,Star 5 None,Star,Potentilla gracilis
145-119,Star 5 None,Star,Penstemon procerus
146-120,Star 5 None,Star,Potentilla gracilis
147-121,Star 5 None,Star,Penstemon procerus
148-122,Star 5 DE,Star,Penstemon procerus
149-123,Star 5 DE,Star,Potentilla gracilis
150-124,Star 5 DE,Star,Potentilla gracilis
151-125,Star 5 DE,Star,Penstemon procerus
152-126,Star 5 DE,Star,Penstemon procerus
153-127,Star 5 DE,Star,Potentilla arguta
154-128,Star 5 DE,Star,Potentilla arguta
155-129,RDO 1,RDO,Sisymbrium altissimum
157-131,RDO 1,RDO,Sisymbrium altissimum
Blank_II,Blank,Blank,Blank
PCR_Neg_3,PCR_Neg,PCR_Neg,PCR_Neg
Plate-3-Blank,Plate-Blank,Plate-Blank,Plate-Blank
158-132,RDO 1,RDO,Sisymbrium altissimum
159-133,RDO 1,RDO,Sisymbrium altissimum
160-134,RDO 1,RDO,Sisymbrium altissimum
161-135,RDO 1,RDO,Sisymbrium altissimum
162-163-136,RDO 2,RDO,Centaurea diffusa
164-137,RDO 2,RDO,Centaurea diffusa
165-138,RDO 2,RDO,Centaurea diffusa
166-139,RDO 2,RDO,Centaurea diffusa
167-140,RDO 2,RDO,Centaurea diffusa
168-141,RDO 2,RDO,Centaurea diffusa
169-142,RDO 3,RDO,Centaurea diffusa
170-143,RDO 3,RDO,Psoralidium lanceolatum
171-144,RDO 3,RDO,Psoralidium lanceolatum
173-146,RDO 3,RDO,Centaurea diffusa
174-147,RDO 3,RDO,Psoralidium lanceolatum
175-148,RDO 3,RDO,Psoralidium lanceolatum
176-149,RDO 3,RDO,Centaurea diffusa
177-150,RDO 3,RDO,Centaurea diffusa
178-151,RDO 4,RDO,Onopordum acanthium
179-152,RDO 4,RDO,Onopordum acanthium
180-153,RDO 4,RDO,Onopordum acanthium
181-154,RDO 4,RDO,Onopordum acanthium
182-155,RDO 4,RDO,Onopordum acanthium
183-156,RDO 4,RDO,Onopordum acanthium
184-157,RDO 4,RDO,Onopordum acanthium
185-158,RDO 5,RDO,Centaurea diffusa
186-159,RDO 5,RDO,Centaurea diffusa
187-160,RDO 5,RDO,Psoralidium lanceolatum
188-189-161,RDO 5,RDO,Centaurea diffusa
190-162,RDO 5,RDO,Psoralidium lanceolatum
191-163,RDO 5,RDO,Centaurea diffusa
192-164,RDO 6,RDO,Sisymbrium altissimum
193-165,RDO 6,RDO,Sisymbrium loeselii 
194-166,RDO 6,RDO,Sisymbrium altissimum
196-168,RDO 6,RDO,Sisymbrium loeselii 
197-169,RDO 6,RDO,Sisymbrium loeselii 
198-170,RDO 6,RDO,Sisymbrium loeselii 
200-172,RDO 6,RDO,Sisymbrium altissimum
201-202-173,RDO 7,RDO,Centaurea solstitialis
203-204-174,RDO 7,RDO,Centaurea solstitialis
205-175,RDO 7,RDO,Ground
206-176,RDO 7,RDO,Centaurea solstitialis
207-208-177,RDO 7,RDO,Ground
209-178,RDO 8,RDO,Centaurea diffusa
210-179,RDO 8,RDO,Achillea millefolium 
211-216-180,RDO 8,RDO,Centaurea diffusa
217-181,ZUM NP3,ZUM,Lupinus spp. 
218-182,ZUM NP3,ZUM,Arnica sororia
219-183,ZUM NP3,ZUM,Lupinus sericeus
220-184,ZUM NP3,ZUM,Lupinus sericeus
221-185,ZUM NP3,ZUM,Potentilla gracilis
222-186,ZUM NP3,ZUM,Potentilla gracilis
223-187,ZUM NP3,ZUM,Achillea millefolium 
224-188,ZUM NP4,ZUM,Orthocarpus tenuifolius
225-189,ZUM NP4,ZUM,Sisymbrium altissimum
226-190,ZUM NP4,ZUM,Eriogonum heracleoides
227-191,ZUM NP4,ZUM,Arnica sororia
228-192,ZUM NP4,ZUM,Orthocarpus tenuifolius
229-193,ZUM NP4,ZUM,Eriogonum heracleoides
231-195,ZUM NP5,ZUM,Arenaria congesta
232-233-196,ZUM NP5,ZUM,Calichortus eurycarpus
234-235-197,ZUM NP5,ZUM,Sidalcea oregana
236-198,ZUM NP5,ZUM,Arnica sororia
237-199,ZUM NP5,ZUM,Potentilla gracilis
238-239-200,ZUM NP5,ZUM,Potentilla gracilis
240-242-201,ZUM NP5,ZUM,Vicia villosa
243-202,ZUM NP5,ZUM,Potentilla gracilis
244-203,ZUM NP5,ZUM,Calichortus eurycarpus
248-205,ZUM NP5,ZUM,Calichortus eurycarpus
251-207,ZUM 2 CNTL,ZUM,Geranium viscosissimum
252-208,ZUM 2 CNTL,ZUM,Potentilla gracilis
253-209,ZUM 2 CNTL,ZUM,Lupinus sericeus
254-210,ZUM 2 CNTL,ZUM,Geranium viscosissimum
255-211,ZUM 2 CNTL,ZUM,Lupinus sericeus
256-212,ZUM 2 CNTL,ZUM,Arnica sororia
257-213,ZUM 2 CNTL,ZUM,Lupinus spp.
258-259-214,ZUM 2 CNTL,ZUM,Lupinus spp.
260-215,ZUM 2 GRAZ,ZUM,Lupinus seracius
261-216,ZUM 2 GRAZ,ZUM,Lupinus spp.
262-217,ZUM 2 GRAZ,ZUM,Flying
263-218,ZUM 2 GRAZ,ZUM,Orthocarpus tenuifolius
264-219,ZUM 2 GRAZ,ZUM,Orthocarpus tenuifolius
265-220,ZUM 2 GRAZ,ZUM,Orthocarpus tenuifolius
266-221,ZUM 2 GRAZ,ZUM,Orthocarpus tenuifolius
267-268-222,ZUM 3 CNTL,ZUM,Lupinus spp.
269-223,ZUM 3 CNTL,ZUM,Lupinus leucophyllus
270-224,ZUM 3 CNTL,ZUM,Clarkia pulchella
271-225,ZUM 3 CNTL,ZUM,Sidalcea oregana
272-226,ZUM 3 CNTL,ZUM,Lupinus leucophyllus
273-227,ZUM 3 CNTL,ZUM,Lupinus leucophyllus
274-228,ZUM 3 CNTL,ZUM,Lupinus leucophyllus
275-229,ZUM 3 GRAZ,ZUM,Flying
276-277-230,ZUM 3 GRAZ,ZUM,Clarkia pulchella
Blank_III,Blank,Blank,Blank
PCR_Neg_4,PCR_Neg,PCR_Neg,PCR_Neg
Plate-4-Blank,Plate-Blank,Plate-Blank,Plate-Blank
278-231,ZUM 3 GRAZ,ZUM,Hieracium cynoglossoides
279-232,ZUM 3 GRAZ,ZUM,Clarkia pulchella
280-233,ZUM 3 GRAZ,ZUM,Arnica sororia
281-234,ZUM 3 GRAZ,ZUM,Clarkia pulchella
283-235,Star 2 LS,Star,Solidago missouriensis
284-236,Star 2 LS,Star,Solidago missouriensis
285-237,Star 2 LS,Star,Erigeron corymbosis
286-238,Star 2 LS,Star,No plant identified
287-239,Star 2 LS,Star,Erigeron corymbosis
288-240,Star 2 LS,Star,Erigeron corymbosis
289-241,Star 2 LS,Star,Trifolium wormskioldii
290-242,Star 2 None,Star,Monardella odoritissima
291-243,Star 2 None,Star,Monardella odoritissima
292-244,Star 2 None,Star,Erigeron corymbosis
293-245,Star 2 None,Star,Erigeron corymbosis
294-246,Star 2 None,Star,Potentilla gracilis
295-247,Star 2 None,Star,Monardella odoritissima
296-248,Star 2 None,Star,Monardella odoritissima
297-249,Star 2 All,Star,Hypericum perforatum
298-250,Star 2 All,Star,Hypericum perforatum
299-251,Star 2 All,Star,Monardella odoritissima
300-252,Star 2 All ,Star,Hypericum perforatum
301-253,Star 2 All,Star,Monardella odoritissima
302-254,Star 2 All,Star,Monardella odoritissima
303-255,Star 2 All,Star,Monardella odoritissima
304-256,Star 2 DE,Star,Erigeron corymbosis
305-257,Star 2 DE,Star,Monardella odoritissima
306-258,Star 2 DE,Star,Monardella odoritissima
307-259,Star 2 DE,Star,Hypericum perforatum
308-260,Star 2 DE,Star,Symphiotrichum spathulatum
310-262,Star 2 DE,Star,Erigeron corymbosis
311-263,Star 3 DE,Star,Solidago missouriensis
312-264,Star 3 DE,Star,Monardella odoritissima
313-319-265,Star 3 DE,Star,Solidago missouriensis
320-266,Star 3 LS,Star,Monardella odoritissima
321-323-267,Star 3 LS,Star,Hypericum perforatum
324-268,Star 3 LS,Star,Solidago missouriensis
325-269,Star 3 LS,Star,Solidago missouriensis
326-270,Star 3 LS,Star,Solidago missouriensis
327-271,Star 3 LS,Star,Erigeron speciosus
328-272,Star 5 None,Star,no plant identified
329-273,Star 5 None,Star,Solidago missouriensis
330-274,Star 5 None,Star,Solidago missouriensis
331-275,Star 5 None,Star,no plant identified
332-276,Star 5 None,Star,Solidago missouriensis
333-277,Star 5 None,Star,Solidago missouriensis
334-278,Star 5 None,Star,Solidago missouriensis
335-279,Star 5 DE,Star,Solidago missouriensis
336-280,Star 5 DE,Star,Solidago missouriensis
337-281,Star 5 DE,Star,Solidago missouriensis
339-283,Star 5 DE,Star,Solidago missouriensis
340-284,Star 5 DE,Star,Solidago missouriensis
341-285,Star 5 DE,Star,Solidago missouriensis
342-286,Star 5 LS,Star,Senecio serra
343-287,Star 5 LS,Star,Sidalcea oregana
344-288,Star 5 LS,Star,Sidalcea oregana
345-289,Star 5 LS,Star,Solidago missouriensis
346-290,Star 5 LS,Star,Achillea millefolium 
347-291,Star 5 LS,Star,Achillea millefolium 
348-292,Star 5 LS,Star,Achillea millefolium 
349-293,Star 5 LS,Star,Solidago missouriensis
350-294,Star 5 LS,Star,Solidago missouriensis
351-295,Star 5 All,Star,no plant identified
352-296,Star 5 All,Star,Monardella odoritissima
353-297,Star 5 All,Star,Solidago missouriensis
354-298,Star 5 All,Star,Solidago missouriensis
355-299,Star 5 All,Star,Monardella odoritissima
356-300,Star 5 All,Star,Potentilla gracilis
357-301,Star 5 All,Star,Solidago missouriensis
358-302,ZUM 2 GRAZ,ZUM,Gindelia nana
359-303,ZUM 2 GRAZ,ZUM,Gindelia nana
360-304,ZUM 2 GRAZ,ZUM,Gindelia nana
361-305,ZUM 2 GRAZ,ZUM,Erigeron pumulus
362-306,ZUM 2 GRAZ,ZUM,Gindelia nana
363-307,ZUM 2 GRAZ,ZUM,Gindelia nana
364-308,ZUM 2 CNTL,ZUM,Erigeron pumulus
365-309,ZUM 2 CNTL,ZUM,Cirsium brevifolium
367-311,ZUM 2 CNTL,ZUM,Cirsium brevifolium
368-312,ZUM 2 CNTL,ZUM,Erigeron pumulus
369-313,ZUM 3 CNTL,ZUM,Erigeron pumulus
370-314,ZUM 3 CNTL,ZUM,Erigeron pumulus
371-315,ZUM 3 GRAZ,ZUM,Gindelia nana
372-316,ZUM 3 GRAZ,ZUM,Geranium spp. 
373-374-592-317,ZUM 2 GRAZ,ZUM,Gindelia nana
375-376-318,ZUM 2 GRAZ,ZUM,Gindelia nana
377-319,ZUM 2 GRAZ,ZUM,Solidago missouriensis
378-320,ZUM 2 GRAZ,ZUM,Erigeron pumulus
379-321,ZUM 3 CNTL,ZUM,Erigeron pumulus
380-322,ZUM 3 CNTL,ZUM,Erigeron pumulus
381-384-323,ZUM 3 CNTL,ZUM,Erigeron pumulus
385-324,ZUM 3 CNTL,ZUM,Erigeron pumulus
386-325,ZUM 3 CNTL,ZUM,Erigeron pumulus
387-391-326,ZUM 2 CNTL,ZUM,Erigeron pumulus
Blank_IV,Blank,Blank,Blank
PCR_Neg_5,PCR_Neg,PCR_Neg,PCR_Neg
Plate-5-Blank,Plate-Blank,Plate-Blank,Plate-Blank
392-327,ZUM 2 CNTL,ZUM,Erigeron pumulus
393-328,ZUM 2 CNTL,ZUM,Solidago missouriensis
394-329,ZUM 3 GRAZ,ZUM,Cirsium brevifolium
395-330,ZUM 3 GRAZ,ZUM,Cirsium brevifolium
397-332,ZUM 3 GRAZ,ZUM,Un-identified
398-333,ZUM 3 GRAZ,ZUM,Cirsium brevifolium
399-400-334,ZUM 3 GRAZ,ZUM,Un-identified
402-336,RDO 1,RDO,Centaurea diffusa
403-337,RDO 1,RDO,Centaurea diffusa
404-338,RDO 1,RDO,Centaurea diffusa
405-339,RDO 1,RDO,Centaurea diffusa
406-340,RDO 1 ,RDO,Centaurea diffusa
407-341,RDO 1,RDO,Centaurea diffusa
408-342,RDO 1,RDO,Centaurea diffusa
409-343,RDO 2,RDO,Centaurea diffusa
410-344,RDO 2,RDO,Centaurea diffusa
411-345,RDO 2,RDO,Centaurea diffusa
412-346,RDO 2,RDO,Centaurea diffusa
413-347,RDO 2,RDO,Centaurea diffusa
414-348,RDO 2,RDO,Centaurea diffusa
415-349,RDO 2,RDO,Centaurea diffusa
416-350,RDO 3,RDO,Gutierrezia sarothrae
417-351,RDO 3,RDO,Gutierrezia sarothrae
418-352,RDO 3,RDO,Gutierrezia sarothrae
419-353,RDO 3,RDO,Gutierrezia sarothrae
420-354,RDO 3,RDO,Gutierrezia sarothrae
421-355,RDO 3,RDO,Gutierrezia sarothrae
422-356,RDO 3,RDO,Gutierrezia sarothrae
423-357,RDO 4,RDO,Centaurea diffusa
424-358,RDO 4,RDO,Centaurea diffusa
425-359,RDO 4,RDO,Centaurea diffusa
426-360,RDO 4,RDO,Centaurea diffusa
427-361,RDO 4,RDO,Centaurea diffusa
428-362,RDO 4,RDO,Centaurea diffusa
429-363,RDO 4,RDO,Centaurea diffusa
430-591-364,RDO 5,RDO,Centaurea diffusa
431-365,RDO 5,RDO,Centaurea diffusa
432-366,RDO 5,RDO,Centaurea diffusa
433-367,RDO 5,RDO,Centaurea diffusa
434-368,RDO 5,RDO,Centaurea diffusa
435-369,RDO 5,RDO,Centaurea diffusa
436-370,RDO 5,RDO,Centaurea diffusa
437-371,RDO 6,RDO,Centaurea solstitialis
438-372,RDO 6,RDO,Centaurea diffusa
439-373,RDO 6,RDO,Centaurea diffusa
441-375,RDO 6,RDO,Centaurea diffusa
442-376,RDO 6,RDO,Centaurea solstitialis
443-377,RDO 6,RDO,Centaurea solstitialis
444-378,RDO 7,RDO,Centaurea diffusa
445-379,RDO 7,RDO,Salsola kali
446-380,RDO 7,RDO,Centaurea solstitialis
447-381,RDO 7,RDO,Centaurea solstitialis
448-382,RDO 7,RDO,Centaurea solstitialis
449-383,RDO 7,RDO,Centaurea solstitialis
450-384,RDO 7,RDO,Centaurea solstitialis
451-385,RDO 8,RDO,Centaurea solstitialis
452-386,RDO 8,RDO,Centaurea solstitialis
453-590-387,RDO 8 ,RDO,Centaurea diffusa
454-388,RDO 8,RDO,Centaurea diffusa
455-389,RDO 8,RDO,Centaurea diffusa
456-390,RDO 8,RDO,Centaurea solstitialis
457-458-391,Star 3 DE,Star,Monardella odoritissima
459-392,Star 3 DE,Star,Grindellia nana
460-393,Star 3 DE,Star,Monardella odoritissima
461-394,Star 2 All,Star,Onopordum acanthium
462-395,Star 2 LS,Star,Mentha arvensis
463-396,Star 2 LS,Star,Symphiotrichum spathulatum
464-466-397,Star 2 LS,Star,Onopordum acanthium
467-398,Star 2 None,Star,Erigeron corymbosis
468-399,Star 2 None,Star,Trifolium pratense
469-472-400,Star 3 LS,Star,Onopordum acanthium
473-401,Star 3 LS,Star,Onopordum acanthium
474-402,Star 3 LS,Star,Onopordum acanthium
475-476-403,Star 5 DE,Star,Solidago missouriensis
477-404,Star 5 DE,Star,Solidago missouriensis
478-405,Star 5 DE,Star,Solidago missouriensis
479-483-406,Star 5 All,Star,Symphiotrichum spathulatum
484-407,Star 5 All,Star,Erigeron corymbosis
486-491-409,Star 5 LS,Star,Solidago missouriensis
492-410,Star 5 LS,Star,Solidago missouriensis
493-411,Star 5 LS,Star,Solidago missouriensis
494-412,Star 5 None,Star,Trifolium wormenskii
495-413,Star 5 None,Star,Solidago missouriensis
496-500-414,Star 5 None,Star,Solidago missouriensis
501-415,Star 5 DE,Star,Trifolium spp.
502-416,Star 5 DE,Star,Achillea millefolium 
503-417,Star 5 DE,Star,Symphiotrichum spathulatum
504-418,Star 3 DE,Star,Cirsium arvense
505-419,Star 3 DE,Star,Solidago missouriensis
506-420,Star 3 DE,Star,Solidago missouriensis
507-421,Star 3 DE,Star,Solidago missouriensis
508-422,Star 3 DE,Star,Solidago missouriensis
509-423,Star 2 None,Star,Erigeron corymbosis
Blank_V,Blank,Blank,Blank
PCR_Neg_6,PCR_Neg,PCR_Neg,PCR_Neg
Plate-6-Blank,Plate-Blank,Plate-Blank,Plate-Blank
510-424,Star 2 None,Star,Onopordum acanthium
511-425,Star 2 None,Star,Onopordum acanthium
512-426,Star 3 DE,Star,Cirsium arvense
513-427,Star 3 DE,Star,Solidago missouriensis
514-428,Star 3 DE,Star,Solidago missouriensis
515-429,Star 2 None,Star,Onopordum acanthium
516-430,Star 2 None,Star,Onopordum acanthium
517-431,Star 2 None,Star,Onopordum acanthium
518-432,Star 2 None,Star,Onopordum acanthium
519-433,Star 2 None,Star,Onopordum acanthium
520-434,Star 2 None,Star,Onopordum acanthium
523-437,Star 2 LS,Star,Onopordum acanthium
524-525-438,Star 2 LS,Star,Onopordum acanthium
526-439,Star 2 LS,Star,Onopordum acanthium
527-440,Star 2 None,Star,Solidago missouriensis
528-441,RDO 1,RDO,Machaeranthera canescens
529-442,RDO 1 ,RDO,Machaeranthera canescens
530-443,RDO 1,RDO,Machaeranthera canescens
531-444,RDO 1,RDO,Machaeranthera canescens
532-445,RDO 1,RDO,Machaeranthera canescens
533-446,RDO 1,RDO,Machaeranthera canescens
534-447,RDO 1,RDO,Machaeranthera canescens
535-448,RDO 1 ,RDO,Machaeranthera canescens
537-450,RDO 2,RDO,Machaeranthera canescens
538-451,RDO 2,RDO,Machaeranthera canescens
539-452,RDO 2,RDO,Machaeranthera canescens
540-453,RDO 2,RDO,Machaeranthera canescens
541-454,RDO 2,RDO,Machaeranthera canescens
542-455,RDO 2,RDO,Centaurea solstitialis
543-456,RDO 2,RDO,Centaurea diffusa
544-457,RDO 2,RDO,Machaeranthera canescens
545-458,RDO 2,RDO,Machaeranthera canescens
546-459,RDO 3,RDO,Machaeranthera canescens
547-460,RDO 3,RDO,Machaeranthera canescens
548-461,RDO 3,RDO,Machaeranthera canescens
549-462,RDO 3,RDO,Machaeranthera canescens
550-463,RDO 3,RDO,Machaeranthera canescens
551-464,RDO 3,RDO,Centaurea diffusa
552-465,RDO 3,RDO,Centaurea solstitialis
553-466,RDO 3,RDO,Machaeranthera canescens
554-467,RDO 4,RDO,Centaurea solstitialis
555-468,RDO 4,RDO,Centaurea diffusa
556-469,RDO 4,RDO,Centaurea solstitialis
557-470,RDO 4,RDO,Centaurea diffusa
558-471,RDO 4,RDO,Machaeranthera canescens
559-472,RDO 4,RDO,Centaurea solstitialis
560-473,RDO 4,RDO,Centaurea diffusa
561-474,RDO 5,RDO,Centaurea solstitialis
562-475,RDO 5,RDO,Centaurea solstitialis
563-476,RDO 5,RDO,Centaurea solstitialis
564-477,RDO 5,RDO,Centaurea solstitialis
565-478,RDO 5,RDO,Centaurea solstitialis
566-567-479,RDO 5,RDO,Centaurea solstitialis
568-480,RDO 6,RDO,Machaeranthera canescens
569-481,RDO 6,RDO,Machaeranthera canescens
570-482,RDO 6,RDO,no plant identified
571-483,RDO 6,RDO,Machaeranthera canescens
572-484,RDO 6,RDO,Machaeranthera canescens
573-485,RDO 6,RDO,Machaeranthera canescens
574-486,RDO 6,RDO,Machaeranthera canescens
575-487,RDO 6,RDO,Machaeranthera canescens
577-578-593-489,RDO 7,RDO,Machaeranthera canescens
580-491,RDO 7,RDO,Machaeranthera canescens
581-492,RDO 7,RDO,Machaeranthera canescens
582-493,RDO 7,RDO,Machaeranthera canescens
583-494,RDO 8,RDO,Centaurea diffusa
584-495,RDO 8,RDO,Centaurea diffusa
585-496,RDO 8,RDO,Centaurea diffusa
586-497,RDO 8,RDO,Centaurea diffusa
587-498,RDO 8,RDO,Centaurea diffusa
Blank_VI,Blank,Blank,Blank
PCR_Neg_7,PCR_Neg,PCR_Neg,PCR_Neg
PCR_Neg_8,PCR_Neg,PCR_Neg,PCR_Neg
Plate-7-Blank,Plate-Blank,Plate-Blank,Plate-Blank
